<?xml version="1.0" encoding="UTF-8" standalone="yes"?>
<addon id="script.islamic.prayer.times"
       name="Islamic Prayer Times"
       version="2.0.0"
       provider-name="Team XBMC">
  <requires>
    <import addon="xbmc.python" version="2.1.0"/>
  </requires>
  <extension point="xbmc.python.script"
             library="default.py" />
  <extension point="xbmc.addon.metadata">
    <platform>all</platform>
    <summary lang="en">Islamic Prayer Times</summary>
    <description lang="en">Islamic salat calendar</description>
  </extension>
</addon>
