<window id="2600">
	<defaultcontrol always="true">50</defaultcontrol>
	<allowoverlay>no</allowoverlay>
	<controls>
		<!--<include>CommonWeatherBackground</include> -->
		<control type="group">
			<animation effect="fade" time="250">WindowOpen</animation>
			<animation effect="fade" time="250">WindowClose</animation>
			<control type="image">
				<posx>0</posx>
				<posy>0</posy>
				<width>1280</width>
				<height>720</height>
				<aspectratio>scale</aspectratio>
				<texture>TVGuide-Background.jpg</texture>
			</control>
			<!--<control type="group"> <visible>IsEmpty(Window(home).Property(TVGuide.BackgroundFanart))</visible> 
				<control type="image"> <posx>0</posx> <posy>0</posy> <width>1280</width> 
				<height>720</height> <aspectratio>scale</aspectratio> <texture background="true">$INFO[Container(200).ListItem.Property(Fanart)] 
				</texture> <visible>Control.HasFocus(200) | !IsEmpty(Window(Home).property(TVGuide.MondayList))</visible> 
				<fadetime>600</fadetime> <animation effect="fade" time="600">Visible</animation> 
				<animation effect="fade" time="600">Hidden</animation> </control> <control 
				type="image"> <posx>0</posx> <posy>0</posy> <width>1280</width> <height>720</height> 
				<aspectratio>scale</aspectratio> <texture background="true">$INFO[Container(201).ListItem.Property(Fanart)] 
				</texture> <visible>Control.HasFocus(201) | !IsEmpty(Window(Home).property(TVGuide.TuesdayList))</visible> 
				<fadetime>600</fadetime> <animation effect="fade" time="600">Visible</animation> 
				<animation effect="fade" time="600">Hidden</animation> </control> <control 
				type="image"> <posx>0</posx> <posy>0</posy> <width>1280</width> <height>720</height> 
				<aspectratio>scale</aspectratio> <texture background="true">$INFO[Container(202).ListItem.Property(Fanart)] 
				</texture> <visible>Control.HasFocus(202) | !IsEmpty(Window(Home).property(TVGuide.WednesdayList))</visible> 
				<fadetime>600</fadetime> <animation effect="fade" time="600">Visible</animation> 
				<animation effect="fade" time="600">Hidden</animation> </control> <control 
				type="image"> <posx>0</posx> <posy>0</posy> <width>1280</width> <height>720</height> 
				<aspectratio>scale</aspectratio> <texture background="true">$INFO[Container(203).ListItem.Property(Fanart)] 
				</texture> <visible>Control.HasFocus(203) | !IsEmpty(Window(Home).property(TVGuide.ThursdayList))</visible> 
				<fadetime>600</fadetime> <animation effect="fade" time="600">Visible</animation> 
				<animation effect="fade" time="600">Hidden</animation> </control> <control 
				type="image"> <posx>0</posx> <posy>0</posy> <width>1280</width> <height>720</height> 
				<aspectratio>scale</aspectratio> <texture background="true">$INFO[Container(204).ListItem.Property(Fanart)] 
				</texture> <visible>Control.HasFocus(204) | !IsEmpty(Window(Home).property(TVGuide.FridayList))</visible> 
				<fadetime>600</fadetime> <animation effect="fade" time="600">Visible</animation> 
				<animation effect="fade" time="600">Hidden</animation> </control> <control 
				type="image"> <posx>0</posx> <posy>0</posy> <width>1280</width> <height>720</height> 
				<aspectratio>scale</aspectratio> <texture background="true">$INFO[Container(205).ListItem.Property(Fanart)] 
				</texture> <visible>Control.HasFocus(205) | !IsEmpty(Window(Home).property(TVGuide.SaturdayList))</visible> 
				<animation effect="fade" time="600">Visible</animation> <animation effect="fade" 
				time="600">Hidden</animation> </control> <control type="image"> <posx>0</posx> 
				<posy>0</posy> <width>1280</width> <height>720</height> <aspectratio>scale</aspectratio> 
				<texture background="true">$INFO[Container(206).ListItem.Property(Fanart)] 
				</texture> <visible>Control.HasFocus(206) | !IsEmpty(Window(Home).property(TVGuide.SundayList))</visible> 
				<fadetime>600</fadetime> <animation effect="fade" time="600">Visible</animation> 
				<animation effect="fade" time="600">Hidden</animation> </control> </control> -->
		</control>
		<control type="image">
			<posx>0</posx>
			<posy>100r</posy>
			<width>1280</width>
			<height>100</height>
			<texture>TVGuide-Floor.png</texture>
			<aspectratio>stretch</aspectratio>
			<animation effect="slide" start="0,10" end="0,0" time="200"
				condition="Window.Previous(Home)">WindowOpen</animation>
			<animation effect="slide" start="0,0" end="0,10" time="200"
				condition="Window.Next(Home)">WindowClose</animation>
		</control>
		<control type="group">
			<animation effect="fade" time="250">WindowOpen</animation>
			<animation effect="fade" time="250">WindowClose</animation>
			<control type="group">
				<control type="image">
					<posx>50</posx>
					<posy>60</posy>
					<width>575</width>
					<height>600</height>
					<texture border="15">TVGuide-ContentPanel.png</texture>
					<animation effect="fade" time="100">WindowOpen</animation>
					<aspectratio>stretch</aspectratio>
				</control>
				<control type="image">
					<posx>50</posx>
					<posy>652</posy>
					<width>575</width>
					<height>64</height>
					<texture border="15">TVGuide-ContentPanelMirror.png</texture>
					<aspectratio>stretch</aspectratio>
					<animation effect="fade" time="100">WindowOpen</animation>
				</control>
				<control type="image">
					<posx>50</posx>
					<posy>63</posy>
					<width>575</width>
					<height>90</height>
					<aspectratio>stretch</aspectratio>
					<texture>GlassTitleBar.png</texture>
				</control>
				<control type="label">
					<description>header label</description>
					<posx>50</posx>
					<posy>63</posy>
					<width>575</width>
					<height>30</height>
					<font>font13_title</font>
					<label>Current Salat Schedule</label>
					<align>center</align>
					<aligny>center</aligny>
					<textcolor>white</textcolor>
					<shadowcolor>black</shadowcolor>
				</control>
				<control type="image">
					<posx>675</posx>
					<posy>60</posy>
					<width>575</width>
					<height>600</height>
					<texture border="15">TVGuide-ContentPanel.png</texture>
					<aspectratio>stretch</aspectratio>
					<animation effect="fade" time="100">WindowOpen</animation>
				</control>
				<control type="image">
					<posx>675</posx>
					<posy>652</posy>
					<width>575</width>
					<height>64</height>
					<texture border="15">TVGuide-ContentPanelMirror.png</texture>
					<aspectratio>stretch</aspectratio>
					<animation effect="fade" time="100">WindowOpen</animation>
				</control>
				<control type="image">
					<posx>675</posx>
					<posy>63</posy>
					<width>575</width>
					<height>90</height>
					<aspectratio>stretch</aspectratio>
					<texture>GlassTitleBar.png</texture>
				</control>
				<control type="label">
					<description>header label</description>
					<posx>675</posx>
					<posy>63</posy>
					<width>575</width>
					<height>30</height>
					<font>font13_title</font>
					<label>Future Schedule</label>
					<align>center</align>
					<aligny>center</aligny>
					<textcolor>white</textcolor>
					<shadowcolor>black</shadowcolor>
				</control>
				<control type="image">
					<posx>675</posx>
					<posy>200</posy>
					<width>575</width>
					<height>4</height>
					<texture>separator.png</texture>
				</control>
				<control type="image">
					<posx>675</posx>
					<posy>310</posy>
					<width>575</width>
					<height>4</height>
					<texture>separator.png</texture>
				</control>
				<control type="image">
					<posx>675</posx>
					<posy>420</posy>
					<width>575</width>
					<height>4</height>
					<texture>separator.png</texture>
				</control>
				<control type="image">
					<posx>675</posx>
					<posy>530</posy>
					<width>575</width>
					<height>4</height>
					<texture>separator.png</texture>
				</control>
			</control>
		</control>
		<!-- Core labels -->
		<control type="group">
			<description>Day labels</description>
			<posx>70</posx>
			<posy>60</posy>
			<!-- Location Label -->
			<control type="label">
				<description>location label</description>
				<posx>0</posx>
				<posy>30</posy>
				<width>100</width>
				<height>30</height>
				<font>font12_title</font>
				<textcolor>white</textcolor>
				<scroll>false</scroll>
				<align>left</align>
				<aligny>center</aligny>
				<label>Location :</label>
			</control>
			<!-- Location Value -->
			<control type="label" id="200">
				<description>location value</description>
				<posx>100</posx>
				<posy>30</posy>
				<width>250</width>
				<height>30</height>
				<font>font12_title</font>
				<textcolor>white</textcolor>
				<scroll>false</scroll>
				<align>left</align>
				<label>Dindigul Bazar</label>
				<aligny>center</aligny>
			</control>
			<control type="label">
				<description>update label</description>
				<posx>380</posx>
				<posy>35</posy>
				<width>160</width>
				<height>30</height>
				<font>font10</font>
				<label>Last Update : </label>
				<align>left</align>
				<aligny>center</aligny>
				<textcolor>grey2</textcolor>
			</control>
			<!-- Last Update value -->
			<control type="label" id="201">
				<description>update value</description>
				<posx>460</posx>
				<posy>35</posy>
				<width>460</width>
				<height>30</height>
				<font>font10</font>
				<align>left</align>
				<aligny>center</aligny>
				<textcolor>grey2</textcolor>
				<label>12:12:33</label>
			</control>
			<control type="image">
				<posx>20</posx>
				<posy>60</posy>
				<width>460</width>
				<height>4</height>
				<texture>separator.png</texture>
			</control>
			<!-- Current Prayer Time value -->
			<!--<control type="label" id="702"> <description>current temp Value</description> 
				<posx>295</posx> <posy>175</posy> <width>380</width> <height>40</height> 
				<font>WeatherTemp</font> <align>right</align> <aligny>top</aligny> <label>111</label> 
				<textcolor>white</textcolor> <shadowcolor>black</shadowcolor> </control> -->
			<control type="label" id="202">
				<description>Calculation Method</description>
				<posx>70</posx>
				<posy>60</posy>
				<width>400</width>
				<height>40</height>
				<font>font13</font>
				<align>center</align>
				<aligny>top</aligny>
				<textcolor>white</textcolor>
				<shadowcolor>black</shadowcolor>
				<label>Islamic Society of North America (ISNA)</label>
			</control>
			<control type="image" id="901">
				<description>current moon icon</description>
				<posx>0</posx>
				<posy>135</posy>
				<width>230</width>
				<height>180</height>
				<texture></texture>
				<aspectratio>keep</aspectratio>
				<animation effect="fade" time="300">WindowOpen</animation>
			</control>
			<control type="label" id="203">
				<description>Hijri label</description>
				<posx>490</posx>
				<posy>130</posy>
				<width>260</width>
				<height>40</height>
				<font>font24_title</font>
				<align>right</align>
				<aligny>center</aligny>
				<textcolor>grey2</textcolor>
				<shadowcolor>black</shadowcolor>
			</control>
			<control type="label" id="204">
				<description>Illumination label</description>
				<posx>490</posx>
				<posy>170</posy>
				<width>260</width>
				<height>40</height>
				<font>font24_title</font>
				<align>right</align>
				<aligny>center</aligny>
				<label>Illumination 55%</label>
				<textcolor>grey2</textcolor>
				<shadowcolor>black</shadowcolor>
			</control>
			<control type="label" id="205">
				<description>age label</description>
				<posx>490</posx>
				<posy>210</posy>
				<width>260</width>
				<height>40</height>
				<font>font24_title</font>
				<align>right</align>
				<aligny>center</aligny>
				<textcolor>grey2</textcolor>
				<shadowcolor>black</shadowcolor>
			</control>
			<control type="label" id="206">
				<description>phase label</description>
				<posx>490</posx>
				<posy>250</posy>
				<width>260</width>
				<height>40</height>
				<font>font24_title</font>
				<align>right</align>
				<aligny>center</aligny>
				<label>Waning Crescent</label>
				<textcolor>grey2</textcolor>
				<shadowcolor>black</shadowcolor>
			</control>
			<control type="label" id="207">
				<description>current prayer label</description>
				<posx>60</posx>
				<posy>360</posy>
				<width>420</width>
				<height>40</height>
				<wrapmultiline>false</wrapmultiline>
				<font>font28_title</font>
				<align>center</align>
				<aligny>center</aligny>
				<textcolor>white</textcolor>
				<shadowcolor>black</shadowcolor>
			</control>
			<control type="label" id="208" > 
				<description>Current Waqat label</description>
				<posx>100</posx>
				<posy>400</posy>
				<width>360</width>
				<height>40</height>
				<font>font28_title</font>
				<align>center</align>
				<aligny>center</aligny>
				<textcolor>blue</textcolor>
				<shadowcolor>black</shadowcolor>
			</control>  
			<control type="image">
				<posx>20</posx>
				<posy>450</posy>
				<width>460</width>
				<height>4</height>
				<texture>separator.png</texture>
			</control>
			<!-- Today's prayer schedule -->
			<control type="label">
				<description>Fajr label</description>
				<posx>135</posx>
				<posy>460</posy>
				<width>140</width>
				<height>40</height>
				<font>font28_title</font>
				<align>right</align>
				<aligny>center</aligny>
				<label>Fajr :</label>
				<textcolor>grey2</textcolor>
				<shadowcolor>black</shadowcolor>
			</control>
			<control type="label">
				<description>Sunrise label</description>
				<posx>135</posx>
				<posy>500</posy>
				<width>140</width>
				<height>40</height>
				<font>font28_title</font>
				<align>right</align>
				<aligny>center</aligny>
				<label>Sunrise :</label>
				<textcolor>grey2</textcolor>
				<shadowcolor>black</shadowcolor>
			</control>
			<control type="label">
				<description>Dhuhr label</description>
				<posx>135</posx>
				<posy>540</posy>
				<width>160</width>
				<height>40</height>
				<font>font28_title</font>
				<align>right</align>
				<aligny>center</aligny>
				<label>Dhuhr :</label>
				<textcolor>grey2</textcolor>
				<shadowcolor>black</shadowcolor>
			</control>
			<control type="label">
				<description>Asr label</description>
				<posx>410</posx>
				<posy>460</posy>
				<width>140</width>
				<height>40</height>
				<font>font28_title</font>
				<align>right</align>
				<aligny>center</aligny>
				<label>Asr :</label>
				<textcolor>grey2</textcolor>
				<shadowcolor>black</shadowcolor>
			</control>
			<control type="label">
				<description>Maghrib label</description>
				<posx>410</posx>
				<posy>500</posy>
				<width>160</width>
				<height>40</height>
				<font>font28_title</font>
				<align>right</align>
				<aligny>center</aligny>
				<label>Maghrib :</label>
				<textcolor>grey2</textcolor>
				<shadowcolor>black</shadowcolor>
			</control>
			<control type="label">
				<description>Isha label</description>
				<posx>410</posx>
				<posy>540</posy>
				<width>160</width>
				<height>40</height>
				<font>font28_title</font>
				<align>right</align>
				<aligny>center</aligny>
				<label>Isha :</label>
				<textcolor>grey2</textcolor>
				<shadowcolor>black</shadowcolor>
			</control>
			<!-- Not used visible is false -->
			<control type="label" id="800">
				<description>Fajr Value</description>
				<posx>200</posx>
				<posy>400</posy>
				<width>200</width>
				<height>35</height>
				<font>font28_title</font>
				<align>right</align>
				<aligny>center</aligny>
				<textcolor>white</textcolor>
				<shadowcolor>grey</shadowcolor>
				<label>12:12:12 PM</label>
				<visible>false</visible>
			</control>
			<control type="label" id="801">
				<description>Fajr Value</description>
				<posx>235</posx>
				<posy>460</posy>
				<width>200</width>
				<height>40</height>
				<font>font28_title</font>
				<align>right</align>
				<aligny>center</aligny>
				<textcolor>white</textcolor>
				<shadowcolor>grey</shadowcolor>
				<label>12:12:12 PM</label>
			</control>
			<control type="label" id="802">
				<description>Sunrise Value</description>
				<posx>235</posx>
				<posy>500</posy>
				<width>200</width>
				<height>40</height>
				<font>font28_title</font>
				<align>right</align>
				<aligny>center</aligny>
				<textcolor>white</textcolor>
				<shadowcolor>grey</shadowcolor>
				<label>12:12:12 PM</label>
			</control>
			<control type="label" id="803">
				<description>Dhuhr Value</description>
				<posx>235</posx>
				<posy>540</posy>
				<width>200</width>
				<height>40</height>
				<font>font28_title</font>
				<align>right</align>
				<aligny>center</aligny>
				<textcolor>white</textcolor>
				<shadowcolor>grey</shadowcolor>
				<label>12:12:12 PM</label>
			</control>
			<control type="label" id="804">
				<description>Asr Value</description>
				<posx>510</posx>
				<posy>460</posy>
				<width>200</width>
				<height>40</height>
				<font>font28_title</font>
				<align>right</align>
				<aligny>center</aligny>
				<textcolor>white</textcolor>
				<shadowcolor>grey</shadowcolor>
				<label>12:12:12 PM</label>
			</control>
			<control type="label" id="805">
				<description>Maghrib Value</description>
				<posx>510</posx>
				<posy>500</posy>
				<width>200</width>
				<height>40</height>
				<font>font28_title</font>
				<align>right</align>
				<aligny>center</aligny>
				<textcolor>white</textcolor>
				<shadowcolor>grey</shadowcolor>
				<label>12:12:12 PM</label>
			</control>
			<control type="label" id="806">
				<description>Isha Value</description>
				<posx>510</posx>
				<posy>540</posy>
				<width>200</width>
				<height>40</height>
				<font>font28_title</font>
				<align>right</align>
				<aligny>center</aligny>
				<textcolor>white</textcolor>
				<shadowcolor>grey</shadowcolor>
				<label>12:12:12 PM</label>
			</control>
		</control>
		<!-- Right Pane Lables -->
		<control type="group">
			<description>Future labels</description>
			<posx>675</posx>
			<posy>80</posy>
			<control type="group">
				<posx>425</posx>
				<posy>0</posy>
				<control type="label">
					<description>Fajr label</description>
					<posx>0</posx>
					<posy>0</posy>
					<width>120</width>
					<height>20</height>
					<font>font10</font>
					<align>right</align>
					<aligny>center</aligny>
					<label>Fajr :</label>
					<textcolor>grey2</textcolor>
					<shadowcolor>black</shadowcolor>
				</control>
				<control type="label">
					<description>Sunrise label</description>
					<posx>0</posx>
					<posy>20</posy>
					<width>120</width>
					<height>20</height>
					<font>font10</font>
					<align>right</align>
					<aligny>center</aligny>
					<label>Sunrise :</label>
					<textcolor>grey2</textcolor>
					<shadowcolor>black</shadowcolor>
				</control>
				<control type="label">
					<description>Dhuhr label</description>
					<posx>0</posx>
					<posy>40</posy>
					<width>120</width>
					<height>20</height>
					<font>font10</font>
					<align>right</align>
					<aligny>center</aligny>
					<label>Dhuhr :</label>
					<textcolor>grey2</textcolor>
					<shadowcolor>black</shadowcolor>
				</control>
				<control type="label">
					<description>Asr label</description>
					<posx>0</posx>
					<posy>60</posy>
					<width>120</width>
					<height>20</height>
					<font>font10</font>
					<align>right</align>
					<aligny>center</aligny>
					<label>Asr :</label>
					<textcolor>grey2</textcolor>
					<shadowcolor>black</shadowcolor>
				</control>
				<control type="label">
					<description>Maghrib label</description>
					<posx>0</posx>
					<posy>80</posy>
					<width>120</width>
					<height>20</height>
					<font>font10</font>
					<align>right</align>
					<aligny>center</aligny>
					<label>Maghrib :</label>
					<textcolor>grey2</textcolor>
					<shadowcolor>black</shadowcolor>
				</control>
				<control type="label">
					<description>Isha label</description>
					<posx>0</posx>
					<posy>100</posy>
					<width>120</width>
					<height>20</height>
					<font>font10</font>
					<align>right</align>
					<aligny>center</aligny>
					<label>Isha :</label>
					<textcolor>grey2</textcolor>
					<shadowcolor>black</shadowcolor>
				</control>
			</control>
			<control type="group">
				<posx>510</posx>
				<posy>0</posy>
				<control type="label" id="801">
					<description>Fajr Value</description>
					<posx>0</posx>
					<posy>0</posy>
					<width>160</width>
					<height>20</height>
					<font>font10</font>
					<align>right</align>
					<aligny>center</aligny>
					<textcolor>white</textcolor>
					<shadowcolor>grey</shadowcolor>
					<label>12:12:12 PM</label>
				</control>
				<control type="label" id="802">
					<description>Sunrise Value</description>
					<posx>0</posx>
					<posy>20</posy>
					<width>160</width>
					<height>20</height>
					<font>font10</font>
					<align>right</align>
					<aligny>center</aligny>
					<textcolor>white</textcolor>
					<shadowcolor>grey</shadowcolor>
					<label>12:12:12 PM</label>
				</control>
				<control type="label" id="803">
					<description>Dhuhr Value</description>
					<posx>0</posx>
					<posy>40</posy>
					<width>160</width>
					<height>20</height>
					<font>font10</font>
					<align>right</align>
					<aligny>center</aligny>
					<textcolor>white</textcolor>
					<shadowcolor>grey</shadowcolor>
					<label>12:12:12 PM</label>
				</control>
				<control type="label" id="804">
					<description>Asr Value</description>
					<posx>0</posx>
					<posy>60</posy>
					<width>160</width>
					<height>20</height>
					<font>font10</font>
					<align>right</align>
					<aligny>center</aligny>
					<textcolor>white</textcolor>
					<shadowcolor>grey</shadowcolor>
					<label>12:12:12 PM</label>
				</control>
				<control type="label" id="805">
					<description>Maghrib Value</description>
					<posx>0</posx>
					<posy>80</posy>
					<width>160</width>
					<height>20</height>
					<font>font10</font>
					<align>right</align>
					<aligny>center</aligny>
					<textcolor>white</textcolor>
					<shadowcolor>grey</shadowcolor>
					<label>12:12:12 PM</label>
				</control>
				<control type="label" id="806">
					<description>Isha Value</description>
					<posx>0</posx>
					<posy>100</posy>
					<width>160</width>
					<height>20</height>
					<font>font10</font>
					<align>right</align>
					<aligny>center</aligny>
					<textcolor>white</textcolor>
					<shadowcolor>grey</shadowcolor>
					<label>12:12:12 PM</label>
				</control>
			</control>
		</control>
		<include>CommonNowPlaying</include>
		<control type="group">
			<posx>-250</posx>
			<include>SideBladeLeft</include>
			<control type="grouplist" id="9000">
				<posx>0</posx>
				<posy>110</posy>
				<width>250</width>
				<height>610</height>
				<onleft>9000</onleft>
				<onright>50</onright>
				<onup>9000</onup>
				<ondown>9000</ondown>
				<onback>50</onback>
				<itemgap>0</itemgap>
				<control type="label" id="200">
					<width>250</width>
					<height>35</height>
					<font>font12caps</font>
					<label>31006</label>
					<textcolor>blue</textcolor>
					<align>center</align>
					<aligny>center</aligny>
				</control>
				<control type="group" id="300">
					<width>250</width>
					<height>40</height>
					<control type="spincontrolex" id="3">
						<description>change location button</description>
						<posx>0</posx>
						<posy>0</posy>
						<font>-</font>
						<include>ButtonCommonValues</include>
						<onleft>50</onleft>
						<onright>50</onright>
						<onup>200</onup>
						<ondown>302</ondown>
						<onback>50</onback>
					</control>
					<control type="label" id="301">
						<posx>10</posx>
						<posy>0</posy>
						<width>200</width>
						<height>40</height>
						<font>font13</font>
						<label>31027</label>
						<textcolor>white</textcolor>
						<align>left</align>
						<aligny>center</aligny>
					</control>
				</control>
				<control type="button" id="302">
					<description>10 day forcast button</description>
					<textwidth>235</textwidth>
					<include>ButtonCommonValues</include>
					<label>31904</label>
					<onclick>ClearProperty(Weather.CurrentView)</onclick>
					<visible>StringCompare(Weather.Plugin,weather.weatherplus)
					</visible>
				</control>
				<control type="button" id="303">
					<description>36 hour forcast button</description>
					<textwidth>235</textwidth>
					<include>ButtonCommonValues</include>
					<label>31901</label>
					<onclick>SetProperty(Weather.CurrentView,36hour)</onclick>
					<visible>StringCompare(Weather.Plugin,weather.weatherplus)
					</visible>
				</control>
				<control type="button" id="304">
					<description>Weekend forcast button</description>
					<textwidth>235</textwidth>
					<include>ButtonCommonValues</include>
					<label>31903</label>
					<onclick>SetProperty(Weather.CurrentView,weekend)</onclick>
					<visible>StringCompare(Weather.Plugin,weather.weatherplus)
					</visible>
				</control>
				<control type="button" id="305">
					<description>Hourly forcast button</description>
					<textwidth>235</textwidth>
					<include>ButtonCommonValues</include>
					<label>31902</label>
					<onclick>SetProperty(Weather.CurrentView,hourly)</onclick>
					<visible>StringCompare(Weather.Plugin,weather.weatherplus)
					</visible>
				</control>
				<control type="button" id="306">
					<description>Hourly forcast button</description>
					<textwidth>235</textwidth>
					<include>ButtonCommonValues</include>
					<label>31906</label>
					<onclick>SetProperty(Weather.CurrentView,maps)</onclick>
					<visible>StringCompare(Weather.Plugin,weather.weatherplus)
					</visible>
				</control>
				<control type="label" id="201">
					<width>250</width>
					<height>35</height>
					<font>font12caps</font>
					<label>31026</label>
					<textcolor>blue</textcolor>
					<align>center</align>
					<aligny>center</aligny>
				</control>
				<control type="button" id="2">
					<description>Refresh button</description>
					<textwidth>235</textwidth>
					<include>ButtonCommonValues</include>
					<label>103</label>
				</control>
				<control type="button" id="5">
					<description>Custom Weather Script Button</description>
					<label>$INFO[Skin.String(WeatherScript_Label)]</label>
					<onclick>SetFocus(50)</onclick>
					<onclick>XBMC.RunScript($INFO[Skin.String(WeatherScript_Path)])
					</onclick>
					<onclick>SetFocus(50)</onclick>
					<textwidth>235</textwidth>
					<include>ButtonCommonValues</include>
					<visible>Skin.HasSetting(WeatherScript_Enable) +
						!IsEmpty(Skin.String(WeatherScript_Label))</visible>
				</control>
				<control type="button" id="4">
					<description>Settings button</description>
					<label>5</label>
					<onclick>ActivateWindow(MyWeatherSettings)</onclick>
					<textwidth>235</textwidth>
					<include>ButtonCommonValues</include>
				</control>
				<control type="radiobutton" id="250">
					<description>Fanart Toggle</description>
					<include>ButtonCommonValues</include>
					<label>31307</label>
					<onclick>Skin.ToggleSetting(ShowWeatherFanart)</onclick>
					<selected>!Skin.HasSetting(ShowWeatherFanart)</selected>
				</control>
				<control type="button" id="251">
					<include>ButtonCommonValues</include>
					<label>31317</label>
					<onclick>Skin.SetPath(WeatherFanartDir)</onclick>
					<enable>Skin.HasSetting(ShowWeatherFanart)</enable>
				</control>
				<include>CommonNowPlaying_Controls</include>
			</control>
		</control>
		<control type="button" id="50">
			<description>Fake Button to fix Side Menu Navigation</description>
			<onleft>3</onleft>
			<onright>3</onright>
			<onup>3</onup>
			<ondown>3</ondown>
			<visible allowhiddenfocus="true">false</visible>
		</control>
		<control type="group">
			<posx>40</posx>
			<posy>0</posy>
			<animation effect="slide" end="-310,0" time="400" tween="quadratic"
				easing="out">WindowClose</animation>
			<animation effect="slide" start="-310,0" time="400" tween="quadratic"
				easing="out">WindowOpen</animation>
			<control type="image">
				<posx>0</posx>
				<posy>0</posy>
				<width>250</width>
				<height>35</height>
				<texture border="0,0,32,0">header.png</texture>
			</control>
			<control type="label">
				<include>WindowTitleCommons</include>
				<posx>220</posx>
				<label>$LOCALIZE[8]</label>
			</control>
		</control>
		<include>WindowTitleHomeButton</include>
		<include>Clock</include>
	</controls>
</window>
