<?xml version="1.0" encoding="UTF-8" standalone="yes"?>
<addon id="repository.git.gersham-repo" name="Gersham Kodi Addons" version="1.0.9" provider-name="Gersham">
	<extension point="xbmc.addon.repository" name="gersham addon repository">
		<info compressed="false">https://raw.githubusercontent.com/arahuman/gersham/master/addons/addons.xml</info>
		<checksum>https://raw.githubusercontent.com/arahuman/gersham/master/addons/addons.xml.md5</checksum>
		<datadir zip="true">https://raw.githubusercontent.com/arahuman/gersham/master/addons</datadir>
	</extension>
	<extension point="xbmc.addon.metadata">
		<summary>Install Addons from https://github.com/arahuman/gersham/tree/master/addons</summary>
		<description>Download and install addons from gersham repository.</description>
		<platform>all</platform>
	</extension>
</addon>