<?xml version="1.0" encoding="UTF-8" standalone="yes"?>
<addon id="plugin.video.saaral.movies" name="Saaral Indian movies" version="3.0.0" provider-name="Gersham">
  <requires>
    <import addon="xbmc.python" version="2.1.0"/>
  </requires>
  <extension point="xbmc.python.pluginsource" library="default.py">
        <provides>video</provides>
  </extension>
  <extension point="xbmc.addon.metadata">
    <summary>XBMC Plugin to watch Indian movie in HQ.</summary>
    <description>Saaral will allow you to watch Indian movies in HQ.</description>
    <platform>all</platform>
  </extension>
</addon>
